{
  "/Users/pierrevallino/GeoDashboard/data/common_data/Fond_de_plan.pdf|1771220988|1706535|1200x680": {
    "x": 555.0865919427514,
    "y": 28.81578997233555,
    "scale": 0.37431843079270266
  }
}