{
  "/Users/pierrevallino/GeoDashboard/data/common_data/Fond_de_plan.pdf|1771220988|1706535|1200x680": {
    "x": 553.1341345208855,
    "y": 29.71852696802273,
    "scale": 0.36878663132285977
  }
}