{
  "x": 550.5167846679688,
  "y": 31.471220016479492,
  "scale": 0.33158515225370033
}